product_category; value; product_name; vendor; phone; customer_name; zip_code; city; street
truffaut; 14; VHS; lo-fi; (920)442-78-76; Олег Наумов; 434061; Ставрополь; Комарова улица, 301
paleo; 76; drinking; vegan; (910)469-15-22; Семён Кузьмин; 575077; Курск; пл. Крупской, 300
goth; 26; austin; tattooed; (931)047-86-49; Борис Кузнецов; 897910; Екатеринбург; Мира пр., 600
iPhone; 14; YOLO; butcher; (936)292-27-67; Боброва Татьяна; 135325; Барнаул; ул. Озерная, 317
chartreuse; 71; sustainable; kitsch; (964)334-39-70; Фролов Станислав Дмитриевич; 121531; Уфа; Северная площадь, 700
lo-fi; 61; park; carry; (936)062-12-19; Кондратьев Евгений Георгиевич; 209611; Владимир; Трудовая пр., 980
cleanse; 17; schlitz; park; (924)761-65-44; Горшков Валентин Даниилович; 860808; Белгород; проспект Свердлова, 536
helvetica; 99; celiac; occupy; (990)735-40-42; Осипов Сергей; 549984; Кемерово; Некрасова пр., 673
skateboard; 78; humblebrag; gluten-free; (916)668-60-42; Роман Гришин; 849119; Сочи; Мичурина улица, 200
twee; 55; try-hard; literally; (959)740-11-79; Раиса Савина; 701404; Кемерово; Мира пл., 877
cornhole; 8; pinterest; pug; (992)362-67-81; Пономарев Вадим Денисович; 718626; Екатеринбург; Рабочая площадь, 388
post-ironic; 40; semiotics; chambray; (923)502-72-18; Лихачев Николай; 995283; Владивосток; Трактовая ул., 127
waistcoat; 43; 90's; Thundercats; (944)625-55-32; Доронин Роман Константинович; 735109; Махачкала; проспект 8 Марта, 174
Thundercats; 40; tofu; loko; (953)424-98-31; Нина Анатольевна Гордеева; 319884; Тольятти; Коммунальная ул., 939
fixie; 31; mlkshk; cronut; (915)457-67-58; Баранова Оксана; 424958; Иваново; Железнодорожная ул., 639
crucifix; 72; poutine; lo-fi; (948)179-50-73; Галина Ярославовна Горбачева; 249550; Тольятти; ул. Зеленая, 840
literally; 53; cardigan; plaid; (932)180-16-18; Марина Денисовна Русакова; 394133; Брянск; речень улиц пл., 459
wolf; 20; poutine; meggings; (926)666-13-82; Артём Тихонов; 698380; Ульяновск; Горная проспект, 758
selfies; 64; pour-over; PBR&B; (912)669-35-00; Максим Семёнович Дьячков; 774174; Владивосток; пл. Механизаторов, 454
sartorial; 45; hammock; seitan; (958)503-71-59; Яковлева Анжела Степановна; 106549; Москва; Строителей пл., 242
try-hard; 52; mlkshk; crucifix; (995)118-79-04; Дьячков Иван; 688118; Ярославль; Строительная площадь, 331
microdosing; 4; yr; kitsch; (938)530-04-46; Альберт Орлов; 563711; Тула; площадь Пролетарская, 115
locavore; 490; cornhole; portland; (944)170-49-68; Любовь Харитонова; 673630; Санкт-Петербург; Космонавтов пл., 942
tousled; 6; +1; letterpress; (939)288-31-70; Коновалова Оксана Фёдоровна; 752220; Екатеринбург; пр. Солнечная, 102
narwhal; 51; everyday; mlkshk; (935)785-10-79; Людмила Беспалова; 224472; Пермь; Дружбы ул., 636
vinyl; 82; readymade; taxidermy; (984)470-56-69; Ларионова Вера Олеговна; 660185; Челябинск; пр. 8 Марта, 812
offal; 26; seitan; gentrify; (968)893-05-02; Вишнякова Жанна; 382837; Самара; площадь Западная, 335
typewriter; 1; flexitarian; poutine; (941)553-76-68; Денис Никитич Дьячков; 410712; Пенза; ул. Майская, 776
tacos; 13; pug; beard; (932)398-28-17; Королев Вячеслав; 546578; Сочи; проспект Новая, 313
vegan; 12; stumptown; semiotics; (978)985-08-03; Суворов Станислав Егорович; 996704; Саратов; пл. Березовая, 899
keffiyeh; 78; health; ugh; (926)460-12-37; Сорокин Егор; 561334; Курск; площадь Луговая, 736
freegan; 25; listicle; health; (926)783-26-03; Наталья Денисовна Данилова; 601107; Тверь; улица Южная, 882
crucifix; 43; readymade; locavore; (911)700-76-38; Лука Борисович Потапов; 376596; Ульяновск; проспект Совхозная, 670
pickled; 25; banjo; church-key; (915)533-68-92; Шестакова Анфиса Максимовна; 640904; Челябинск; пл. Школьная, 623
fingerstache; 54; PBR&B; plaid; (945)744-52-23; Яковлев Макар Валентинович; 475801; Махачкала; площадь Чкалова, 689
kombucha; 20; kombucha; chillwave; (971)801-81-14; Данилов Георгий Лаврентьевич; 430272; Чебоксары; Кооперативная площадь, 851
polaroid; 68; schlitz; gentrify; (978)334-91-12; Лапин Семён Александрович; 614447; Белгород; Коммунальная ул., 810
yr; 36; vinyl; vinegar; (970)233-71-13; Куликов Максим Лаврентьевич; 537923; Волгоград; площадь Лермонтова, 549
vinegar; 8; squid; letterpress; (935)547-18-87; Геннадий Сорокин; 219817; Магнитогорск; Ломоносова пр., 174
sartorial; 22; everyday; etsy; (972)148-19-22; Трофимов Иван Леонидович; 556312; Ижевск; пр. Красная, 102
neutra; 55; pitchfork; ramps; (962)446-86-18; Римма Семенова; 482930; Белгород; Цветочная ул., 979
locavore; 92; church-key; neutra; (996)207-57-03; Денис Ефремов; 502935; Краснодар; Трактовая проспект, 312
brunch; 50; hammock; Yuccie; (960)732-62-72; Крылова Валентина Григорьевна; 737291; Белгород; Березовая площадь, 531
umami; 61; actually; gentrify; (957)485-33-14; Галкина Лариса Сергеевна; 276097; Москва; пр. Лермонтова, 735
blog; 78; stumptown; heirloom; (966)998-10-53; Михеев Никита; 555991; Краснодар; Комарова проспект, 989
hoodie; 26; drinking; selfies; (940)160-02-86; Анастасия Крылова; 508861; Новокузнецк; улица Школьный, 650
+1; 65; brunch; pabst; (947)505-28-61; Мясников Ярослав Витальевич; 947284; Воронеж; Первомайская пл., 981
normcore; 70; lumbersexual; gentrify; (945)932-90-40; София Дмитриева; 651429; Иваново; Пролетарская пр., 233
distillery; 1; church-key; microdosing; (959)663-68-84; Антон Самойлов; 218858; Краснодар; Островского пр., 180
ramps; 8; gastropub; XOXO; (958)675-85-51; Белоусова Мария Егоровна; 670136; Чебоксары; улица Чапаева, 496
90's; 18; taxidermy; waistcoat; (971)005-37-96; Лебедев Юрий; 862082; Уфа; Коммунальная пр., 661
Godard; 17; salvia; master; (929)982-08-42; Потапов Василий; 744235; Сочи; Кооперативная площадь, 885
church-key; 36; meditation; YOLO; (991)642-53-14; Князев Эдуард; 875541; Махачкала; пр. Заводская, 618
polaroid; 18; celiac; fingerstache; (949)016-28-09; Аксенова Екатерина; 471561; Тула; проспект Озерная, 206
fingerstache; 55; lo-fi; try-hard; (946)697-82-89; Виталий Германович Белов; 707973; Владивосток; площадь Степная, 615
Yuccie; 93; goth; sartorial; (984)516-30-44; Яковлев Ярослав; 369107; Волгоград; Дзержинского ул., 834
beard; 30; occupy; poutine; (941)337-86-81; Осипов Александр Валентинович; 131955; Нижний Новгород; ул. Мира, 468
seitan; 42; irony; lomo; (980)744-70-34; Валентин Кабанов; 287270; Тюмень; ул. Шоссейная, 409
franzen; 7; occupy; normcore; (989)752-78-61; Суворова Анна; 724386; Оренбург; пл. Лермонтова, 574
lumbersexual; 75; offal; fixie; (971)260-24-67; Леонид Панов; 294244; Казань; Клубная пр., 548
scenester; 4; scenester; shoreditch; (992)455-05-26; Никонова Екатерина Станиславовна; 201325; Кемерово; проспект 40 лет Победы, 314
artisan; 36; roof; chartreuse; (914)128-99-54; Тетерин Вячеслав; 461151; Ульяновск; Степная проспект, 910
tousled; 4; synth; umami; (994)466-27-67; Зинаида Степановна Некрасова; 486524; Краснодар; ул. речень улиц, 106
narwhal; 20; kinfolk; brunch; (997)563-39-86; Ирина Тихонова; 762092; Ульяновск; Цветочная улица, 254
williamsburg; 25; aesthetic; Godard; (952)526-39-17; Михаил Игнатьевич Ершов; 431131; Иваново; улица Садовый, 937
aesthetic; 50; typewriter; franzen; (920)834-36-10; Силин Альберт; 546753; Воронеж; Садовый проспект, 825
freegan; 9; skateboard; pitchfork; (925)982-45-75; Осипова Кира Степановна; 768621; Магнитогорск; Маяковского пр., 113
portland; 76; portland; pitchfork; (924)386-79-72; Исакова Валентина Семёновна; 624002; Красноярск; пр. Горная, 777
cred; 98; taxidermy; distillery; (977)600-18-16; Матвеев Валентин Арсеньевич; 939388; Курск; Дорожная пл., 735
chillwave; 96; actually; plaid; (936)547-79-77; Олег Кулагин; 709395; Ярославль; проспект Подгорная, 513
sartorial; 48; church-key; salvia; (935)585-92-54; Овчинникова Антонина; 300870; Барнаул; улица Садовая, 430
flannel; 72; 8-bit; butcher; (984)342-27-39; Бобылев Александр; 536446; Ставрополь; ул. Маяковского, 427
occupy; 96; chartreuse; tousled; (912)102-90-02; Арина Якушева; 652679; Саратов; проспект Совхозная, 145
echo; 76; kinfolk; letterpress; (920)109-51-78; Анастасия Селезнева; 451592; Брянск; площадь Клубная, 836
leggings; 98; forage; pour-over; (920)205-51-78; Нестеров Арсений Викторович; 622678; Челябинск; Суворова ул., 283
Yuccie; 37; banjo; mustache; (986)040-78-14; Корнилов Лука; 577333; Ульяновск; улица Кирова, 156
cliche; 89; 8-bit; flannel; (916)250-28-44; Кириллов Герман Александрович; 796154; Тверь; площадь Калинина, 969
literally; 92; forage; readymade; (987)808-45-62; Симонова Нина; 306696; Сочи; Ломоносова проспект, 102
ramps; 84; viral; tattooed; (965)904-27-83; Наталья Игоревна Капустина; 600173; Ставрополь; Цветочная ул., 602
yr; 40; bushwick; sriracha; (971)303-65-55; Виктория Денисовна Блохина; 808966; Рязань; площадь Больничная, 869
truffaut; 70; flannel; umami; (956)945-66-62; Варвара Киселева; 758840; Волгоград; Энергетиков проспект, 111
kitsch; 64; authentic; bitters; (939)786-80-55; Быков Игорь; 535971; Кемерово; ул. Свердлова, 836
vegan; 1; chillwave; chambray; (980)425-79-85; Никифорова Зоя Михайловна; 805222; Хабаровск; ул. Мичурина, 567
chartreuse; 78; kinfolk; beard; (973)871-20-30; Антонида Михеева; 174078; Астрахань; пл. Береговая, 599
knausgaard; 51; chambray; chicharrones; (921)299-23-63; Прохоров Валентин Юрьевич; 690150; Чебоксары; проспект Мичурина, 648
austin; 51; actually; vegan; (919)848-08-89; Оксана Денисовна Некрасова; 695304; Тула; пл. Дорожная, 804
vegan; 17; vegan; cardigan; (973)039-93-66; Александр Горбачев; 796880; Хабаровск; проспект Горького, 594
beard; 71; retro; microdosing; (968)510-12-24; Агафонов Никита Геннадьевич; 677165; Рязань; Больничная проспект, 778
williamsburg; 87; goth; mumblecore; (988)442-92-40; Маслова Зоя Ярославовна; 534720; Челябинск; пл. Спортивная, 242
franzen; 99; migas; distillery; (919)143-93-85; Агафонов Валентин Аркадьевич; 710020; Екатеринбург; проспект Комарова, 983
austin; 55; sriracha; asymmetrical; (919)582-36-00; Антонина Кононова; 583037; Тольятти; Дружбы пр., 107
cold-pressed; 94; hashtag; pug; (992)912-38-96; Анатолий Арсеньевич Рыбаков; 651252; Магнитогорск; пл. Садовая, 130
+1; 11; cleanse; retro; (943)265-21-83; Антон Сергеевич Фролов; 120952; Белгород; Лермонтова проспект, 625
kitsch; 71; irony; crucifix; (915)076-05-01; Фомичев Алексей Ярославович; 959317; Омск; Шевченко проспект, 769
ramps; 10; pickled; portland; (993)779-92-64; Владислав Алексеевич Крылов; 738216; Уфа; пл. Дзержинского, 532
gentrify; 39; swag; 8-bit; (969)621-62-01; Корнилова Анастасия Данииловна; 685769; Омск; Береговая пр., 898
meditation; 6; meditation; microdosing; (955)110-61-51; Королева Ольга Андреевна; 174307; Красноярск; Березовая улица, 500
VHS; 61; gentrify; mumblecore; (958)838-53-34; Ольга Васильевна Родионова; 353031; Киров; Чехова проспект, 430
tattooed; 55; yr; cleanse; (917)227-55-82; Денис Козлов; 992311; Ярославль; Кирова площадь, 479
church-key; 89; venmo; hashtag; (914)331-89-80; Тимофеева Светлана; 960874; Хабаровск; проспект речень улиц, 810
brunch; 55; cliche; farm-to-table; (964)965-98-72; Лаврентий Зыков; 818437; Барнаул; проспект Труда, 537
hashtag; 32; leggings; forage; (965)658-69-22; Зинаида Николаевна Кулагина; 761791; Астрахань; Заречная пр., 943
marfa; 68; ramps; street; (983)428-59-20; Никифорова Анжела; 621100; Красноярск; Железнодорожная улица, 806
literally; 77; Yuccie; narwhal; (910)920-01-89; Антонида Вячеславовна Исакова; 898541; Тверь; площадь Почтовая, 469
narwhal; 16; semiotics; ugh; (996)915-00-36; Кира Кузьмина; 311189; Томск; пр. Суворова, 348
pour-over; 15; Godard; cold-pressed; (996)620-36-55; Роман Игоревич Савельев; 355979; Иркутск; Восточная ул., 887
austin; 36; mustache; irony; (993)818-87-88; Максим Денисов; 813215; Хабаровск; Береговая пр., 147
plaid; 80; franzen; leggings; (972)634-75-36; Василиса Владиславовна Воробьева; 796513; Ставрополь; пл. Фрунзе, 207
biodiesel; 71; vegan; twee; (982)675-88-66; Фомин Евгений Никитич; 279235; Пермь; Маяковского улица, 517
pabst; 109; narwhal; truffaut; (919)209-61-77; Кира Емельянова; 947026; Санкт-Петербург; Луговая площадь, 849
skateboard; 58; letterpress; mumblecore; (953)187-38-46; Марина Трофимова; 435708; Челябинск; ул. Совхозная, 889
cred; 82; schlitz; pabst; (980)484-13-86; Владислав Сергеевич Лобанов; 277696; Иваново; площадь Весенняя, 930
cold-pressed; 44; post-ironic; pabst; (913)502-87-81; Гордеева Алла Вячеславовна; 597754; Тольятти; Трактовая улица, 854
Yuccie; 9; kitsch; 8-bit; (937)157-66-47; Агафонов Георгий; 175284; Ростов-на-Дону; проспект Горького, 970
hammock; 7; truffaut; distillery; (997)105-83-64; Захарова Александра Вячеславовна; 529467; Махачкала; пл. Лесная, 919
YOLO; 63; roof; portland; (947)447-90-16; Илья Матвеевич Шилов; 489380; Кемерово; Лесной ул., 780
selfies; 0; hella; asymmetrical; (987)830-23-40; Василий Кузьмин; 244813; Новокузнецк; Суворова площадь, 202
try-hard; 85; skateboard; umami; (961)158-73-14; Казакова Елена; 726276; Нижний Новгород; Северная пл., 471
chicharrones; 13; chicharrones; gluten-free; (985)794-64-97; Дарья Владимировна Шилова; 553463; Ярославль; Зеленая улица, 863
synth; 4; Godard; brooklyn; (995)427-79-22; Раиса Валентиновна Ермакова; 622519; Новосибирск; Весенняя ул., 672
selvage; 43; austin; tattooed; (995)187-38-56; Жданова Жанна Игнатьевна; 244824; Новосибирск; улица Цветочная, 856
shoreditch; 98; offal; pour-over; (950)194-48-94; Федотова Таисия Александровна; 295152; Москва; улица Комарова, 865
kinfolk; 25; pickled; vegan; (961)149-05-66; Николай Савельев; 154573; Брянск; Горького ул., 240
lomo; 0; knausgaard; +1; (950)377-55-33; Кулагина Мария; 695090; Иркутск; проспект Партизанская, 443
lomo; 71; portland; mustache; (956)621-72-38; Белова Алёна Геннадьевна; 720881; Курск; пл. Кирова, 291
blog; 30; pabst; distillery; (953)800-04-57; Беляев Георгий Олегович; 562221; Курск; пл. Мира, 939
sriracha; 47; lumbersexual; flexitarian; (990)117-55-24; Елизавета Романовна Афанасьева; 299722; Кемерово; площадь Гагарина, 240
marfa; 47; normcore; banjo; (959)847-67-57; Виталий Большаков; 294159; Омск; Победы пл., 229
flexitarian; 57; vice; cleanse; (915)168-49-15; Артемьев Герман; 842913; Курск; Цветочная пл., 787
authentic; 670; meh; semiotics; (942)060-36-17; Емельянов Арсений Борисович; 317994; Санкт-Петербург; Трудовая улица, 906
offal; 28; ramps; franzen; (913)641-35-46; Петухов Виталий Романович; 451541; Иваново; Юбилейная площадь, 658
authentic; 40; twee; flexitarian; (956)354-10-74; Елена Евсеева; 891058; Сочи; Южная проспект, 892
pug; 51; vegan; cray; (965)773-22-77; Герасимова Марина Владимировна; 140211; Самара; улица Красная, 441
health; 68; celiac; tattooed; (929)425-65-70; Игнатов Лаврентий; 979412; Краснодар; пр. Пролетарская, 797
salvia; 95; VHS; butcher; (958)674-13-64; Игнатий Иванович Ларионов; 980620; Рязань; Школьная ул., 145
vinyl; 46; mlkshk; church-key; (924)890-37-84; Белякова Арина Юрьевна; 542870; Красноярск; пр. Спортивная, 196
polaroid; 48; tofu; meggings; (974)464-42-35; Давыдова Мария Эдуардовна; 635396; Омск; ул. Шевченко, 641
biodiesel; 99; occupy; Thundercats; (977)764-62-51; Юлия Шубина; 618855; Ульяновск; пр. Маяковского, 477
mustache; 31; bespoke; everyday; (970)268-13-42; Станислав Георгиевич Хохлов; 473948; Самара; Шоссейная проспект, 745
pinterest; 70; ugh; salvia; (997)386-20-84; Андрей Беляев; 741310; Липецк; Горького пр., 113
gentrify; 31; echo; keytar; (983)354-17-57; Евгений Крылов; 471115; Тула; проспект Партизанская, 858
goth; 97; hella; pinterest; (940)238-20-93; Елена Викторовна Самсонова; 193472; Владимир; ул. Подгорная, 581
selvage; 96; ramps; disrupt; (918)095-26-70; Татьяна Никитична Белякова; 428617; Ижевск; пл. Куйбышева, 414
tattooed; 80; mixtape; helvetica; (977)353-36-00; Лидия Викторовна Мишина; 302401; Оренбург; проспект Суворова, 879
+1; 97; tumblr; ramps; (964)579-71-37; Матвей Владиславович Кошелев; 897642; Сочи; пл. Степная, 245
cliche; 2; kinfolk; DIY; (941)131-06-65; Владимирова Татьяна; 635831; Новокузнецк; Ленина улица, 134
aesthetic; 98; ramps; gastropub; (947)127-19-18; Станислав Кононов; 402092; Ульяновск; Железнодорожная улица, 858
mustache; 2; retro; +1; (924)115-50-28; Игнатий Даниилович Лаврентьев; 578706; Саратов; проспект Лермонтова, 670
meh; 47; meditation; loko; (936)082-97-42; Владимир Аксенов; 433958; Астрахань; Трудовая пр., 524
fixie; 89; everyday; pop-up; (971)179-53-32; Горшков Игнатий; 730086; Астрахань; Победы проспект, 863
